{
  "best-products": [
    {
      "id": 1,
      "code": "K-01",
      "name": "Amber Supreme",
      "price": 400000,
      "is_ready": true,
      "image": "AMBER-SUPREME.jpg"
    },
    {
      "id": 2,
      "code": "K-02",
      "name": "Sandalwood Extreme",
      "price": 450000,
      "is_ready": true,
      "image": "SANDALWOOD-EXTREME.jpg"
    },
    {
      "id": 3,
      "code": "K-03",
      "name": "Benzoi Absolute",
      "price": 580000,
      "is_ready": true,
      "image": "BENZOI-ABSOLUTE.jpg"
    }
  ],
  "products": [
    {
      "id": 1,
      "code": "K-01",
      "name": "Amber Supreme",
      "price": 400000,
      "is_ready": true,
      "image": "AMBER-SUPREME.jpg"
    },
    {
      "id": 2,
      "code": "K-02",
      "name": "Sandalwood Extreme",
      "price": 450000,
      "is_ready": true,
      "image": "SANDALWOOD-EXTREME.jpg"
    },
    {
      "id": 3,
      "code": "K-03",
      "name": "Benzoi Absolute",
      "price": 580000,
      "is_ready": true,
      "image": "BENZOI-ABSOLUTE.jpg"
    },
    {
      "id": 4,
      "code": "K-04",
      "name": "Amber",
      "price": 300000,
      "is_ready": true,
      "image": "AMBER.jpg"
    },
    {
      "id": 5,
      "code": "K-05",
      "name": "Banaras Sandal",
      "price": 249000,
      "is_ready": true,
      "image": "BANARAS-SANDAL.jpg"
    },
    {
      "id": 6,
      "code": "K-06",
      "name": "Bengal Beauty",
      "price": 325000,
      "is_ready": true,
      "image": "BENGAL-BEAUTY.jpg"
    },
    {
      "id": 7,
      "code": "K-07",
      "name": "Green Garden",
      "price": 285000,
      "is_ready": true,
      "image": "GREEN-GARDEN.jpg"
    },
    {
      "id": 8,
      "code": "K-08",
      "name": "Arabian Attar 4",
      "price": 150000,
      "is_ready": true,
      "image": "ARABIAN-ATTAR.jpg"
    },
    {
      "id": 9,
      "code": "K-09",
      "name": "Jasmine Blossom",
      "price": 350000,
      "is_ready": true,
      "image": "JASMINE-BLOSSOM.jpg"
    },
    {
      "id": 10,
      "code": "K-10",
      "name": "Sufiaana",
      "price": 235000,
      "is_ready": true,
      "image": "SUFIAANA.jpg"
    },
    {
      "id": 11,
      "code": "K-11",
      "name": "Purple Rain",
      "price": 299000,
      "is_ready": true,
      "image": "PURPLE-RAIN.jpg"
    },
    {
      "id": 12,
      "code": "K-12",
      "name": "Tulsi",
      "price": 150000,
      "is_ready": true,
      "image": "TULSI.jpg"
    }
  ],
  "Cart": [
    {
      "Order_Quantity": "1",
      "description": "meditation",
      "products": {
        "id": 1,
        "code": "K-01",
        "name": "Amber Supreme",
        "price": 400000,
        "is_ready": true,
        "image": "AMBER-SUPREME.jpg"
      },
      "id": 1
    },
    {
      "Order_Quantity": "1",
      "description": "for pray",
      "products": {
        "id": 1,
        "code": "K-01",
        "name": "Amber Supreme",
        "price": 400000,
        "is_ready": true,
        "image": "AMBER-SUPREME.jpg"
      },
      "id": 2
    },
    {
      "Order_Quantity": "1",
      "description": "for pray",
      "products": {
        "id": 1,
        "code": "K-01",
        "name": "Amber Supreme",
        "price": 400000,
        "is_ready": true,
        "image": "AMBER-SUPREME.jpg"
      },
      "id": 3
    },
    {
      "Order_Quantity": "2",
      "description": "pray",
      "products": {
        "id": 1,
        "code": "K-01",
        "name": "Amber Supreme",
        "price": 400000,
        "is_ready": true,
        "image": "AMBER-SUPREME.jpg"
      },
      "id": 4
    },
    {
      "Order_Quantity": "1",
      "description": "sandat",
      "products": {
        "id": 1,
        "code": "K-01",
        "name": "Amber Supreme",
        "price": 400000,
        "is_ready": true,
        "image": "AMBER-SUPREME.jpg"
      },
      "id": 5
    },
    {
      "Order_Quantity": "1",
      "description": "sandat",
      "products": {
        "id": 1,
        "code": "K-01",
        "name": "Amber Supreme",
        "price": 400000,
        "is_ready": true,
        "image": "AMBER-SUPREME.jpg"
      },
      "id": 6
    },
    {
      "Order_Quantity": "1",
      "description": "sandat",
      "products": {
        "id": 1,
        "code": "K-01",
        "name": "Amber Supreme",
        "price": 400000,
        "is_ready": true,
        "image": "AMBER-SUPREME.jpg"
      },
      "id": 7
    },
    {
      "Order_Quantity": "1",
      "description": "ala",
      "products": {
        "id": 1,
        "code": "K-01",
        "name": "Amber Supreme",
        "price": 400000,
        "is_ready": true,
        "image": "AMBER-SUPREME.jpg"
      },
      "id": 8
    },
    {
      "Order_Quantity": "1",
      "description": "ala",
      "products": {
        "id": 1,
        "code": "K-01",
        "name": "Amber Supreme",
        "price": 400000,
        "is_ready": true,
        "image": "AMBER-SUPREME.jpg"
      },
      "id": 9
    },
    {
      "Order_Quantity": "1",
      "description": "ala",
      "products": {
        "id": 1,
        "code": "K-01",
        "name": "Amber Supreme",
        "price": 400000,
        "is_ready": true,
        "image": "AMBER-SUPREME.jpg"
      },
      "id": 10
    },
    {
      "products": {
        "id": 1,
        "code": "K-01",
        "name": "Amber Supreme",
        "price": 400000,
        "is_ready": true,
        "image": "AMBER-SUPREME.jpg"
      },
      "id": 11
    },
    {
      "products": {
        "id": 1,
        "code": "K-01",
        "name": "Amber Supreme",
        "price": 400000,
        "is_ready": true,
        "image": "AMBER-SUPREME.jpg"
      },
      "Order_Quantity": "1",
      "description": "22",
      "id": 12
    },
    {
      "products": {
        "id": 1,
        "code": "K-01",
        "name": "Amber Supreme",
        "price": 400000,
        "is_ready": true,
        "image": "AMBER-SUPREME.jpg"
      },
      "Order_Quantity": "1",
      "description": "22",
      "id": 13
    },
    {
      "products": {
        "id": 1,
        "code": "K-01",
        "name": "Amber Supreme",
        "price": 400000,
        "is_ready": true,
        "image": "AMBER-SUPREME.jpg"
      },
      "Order_Quantity": "1",
      "description": "22",
      "id": 14
    },
    {
      "products": {
        "id": 1,
        "code": "K-01",
        "name": "Amber Supreme",
        "price": 400000,
        "is_ready": true,
        "image": "AMBER-SUPREME.jpg"
      },
      "Order_Quantity": "1",
      "description": "22",
      "id": 15
    },
    {
      "Order_Quantity": "1",
      "description": "22",
      "products": {
        "id": 1,
        "code": "K-01",
        "name": "Amber Supreme",
        "price": 400000,
        "is_ready": true,
        "image": "AMBER-SUPREME.jpg"
      },
      "id": 16
    },
    {
      "Order_Quantity": "1",
      "description": "22",
      "products": {
        "id": 1,
        "code": "K-01",
        "name": "Amber Supreme",
        "price": 400000,
        "is_ready": true,
        "image": "AMBER-SUPREME.jpg"
      },
      "id": 17
    },
    {
      "Order_Quantity": "1",
      "description": "22",
      "products": {
        "id": 1,
        "code": "K-01",
        "name": "Amber Supreme",
        "price": 400000,
        "is_ready": true,
        "image": "AMBER-SUPREME.jpg"
      },
      "id": 18
    },
    {
      "Order_Quantity": "1",
      "description": "22",
      "products": {
        "id": 1,
        "code": "K-01",
        "name": "Amber Supreme",
        "price": 400000,
        "is_ready": true,
        "image": "AMBER-SUPREME.jpg"
      },
      "id": 19
    },
    {
      "Order_Quantity": "1",
      "description": "22",
      "products": {
        "id": 1,
        "code": "K-01",
        "name": "Amber Supreme",
        "price": 400000,
        "is_ready": true,
        "image": "AMBER-SUPREME.jpg"
      },
      "id": 20
    },
    {
      "Order_Quantity": "1",
      "description": "22",
      "products": {
        "id": 1,
        "code": "K-01",
        "name": "Amber Supreme",
        "price": 400000,
        "is_ready": true,
        "image": "AMBER-SUPREME.jpg"
      },
      "id": 21
    },
    {
      "Order_Quantity": "1",
      "description": "22",
      "products": {
        "id": 1,
        "code": "K-01",
        "name": "Amber Supreme",
        "price": 400000,
        "is_ready": true,
        "image": "AMBER-SUPREME.jpg"
      },
      "id": 22
    },
    {
      "Order_Quantity": "1",
      "description": "pray",
      "products": {
        "id": 1,
        "code": "K-01",
        "name": "Amber Supreme",
        "price": 400000,
        "is_ready": true,
        "image": "AMBER-SUPREME.jpg"
      },
      "id": 23
    }
  ],
  "order": []
}